Date,Total Records,Status,Verification,High,Low,Close,Next High,Next Low,Next Close
09/05/2021,129030,completed,passed,2929.32,2779.03,2818.73,2981.27,2804.53,2980.79
09/06/2021,109051,completed,passed,2981.27,2804.53,2980.79,3004.23,2912.99,2936.61
09/07/2021,86416,completed,passed,3004.23,2912.99,2936.61,2940.91,2873.64,2876.59
09/08/2021,74724,completed,passed,2940.91,2873.64,2876.59,2912.38,2865.96,2875.98
09/09/2021,72818,completed,passed,2912.38,2865.96,2875.98,2947.5,2887.47,2947.42
09/12/2021,96502,completed,passed,2947.5,2887.47,2947.42,2984.31,2939.79,2947.7
09/13/2021,93163,completed,passed,2984.31,2939.79,2947.7,2964.54,2915.62,2929.29
09/14/2021,59773,completed,passed,2964.54,2915.62,2929.29,2936.89,2881.53,2889.03
09/15/2021,75856,completed,passed,2936.89,2881.53,2889.03,2889.21,2795.24,2812.39
09/16/2021,113685,completed,passed,2889.21,2795.24,2812.39,2821.13,2696.81,2698.25
09/20/2021,107496,completed,passed,2821.13,2696.81,2698.25,2766.45,2613.87,2712.07
09/21/2021,95569,completed,passed,2766.45,2613.87,2712.07,2819.03,2719.89,2816.95
09/22/2021,72654,completed,passed,2819.03,2719.89,2816.95,2883.13,2804.16,2819.66
09/23/2021,87758,completed,passed,2883.13,2804.16,2819.66,2846.29,2756.33,2758.48
09/26/2021,73650,completed,passed,2846.29,2756.33,2758.48,2769.79,2678.14,2685.42
09/27/2021,67503,completed,passed,2769.79,2678.14,2685.42,2695.35,2602.19,2615.4
09/28/2021,75316,completed,passed,2695.35,2602.19,2615.4,2666.19,2578.76,2665.94
09/29/2021,63887,completed,passed,2666.19,2578.76,2665.94,2687.59,2629.95,2633.42
09/30/2021,49348,completed,failed,2687.59,2629.95,2633.42,2640.84,2572.96,2577.5
10/03/2021,52295,completed,passed,2640.84,2572.96,2577.5,2596.67,2542.09,2570.81
10/04/2021,48169,completed,passed,2596.67,2542.09,2570.81,2620.32,2569.78,2612.65
10/05/2021,40923,completed,passed,2620.32,2569.78,2612.65,2681.39,2614.52,2681.11
10/06/2021,55192,completed,passed,2681.39,2614.52,2681.11,2720.36,2654.35,2662.58
10/10/2021,53988,completed,passed,2720.36,2654.35,2662.58,2670.34,2616.4,2639.38
10/11/2021,44293,completed,passed,2670.34,2616.4,2639.38,2670.34,2616.4,2656.97
10/17/2021,21303,completed,passed,2670.34,2616.4,2656.97,2656.04,2582.26,2587.45
10/18/2021,40323,completed,passed,2656.04,2582.26,2587.45,2588.37,2481.85,2510.73
10/19/2021,54372,completed,passed,2588.37,2481.85,2510.73,2590.89,2522,2571.66
10/20/2021,34605,completed,passed,2590.89,2522,2571.66,2585.79,2542.65,2556.96
10/21/2021,36735,completed,passed,2585.79,2542.65,2556.96,2587.85,2545.5,2584.53
10/24/2021,38063,completed,passed,2587.85,2545.5,2584.53,2672.25,2588.24,2672.25
10/25/2021,53667,completed,passed,2672.25,2588.24,2672.25,2751.41,2678.01,2751.07
10/26/2021,72820,completed,passed,2751.41,2678.01,2751.07,2806.71,2716.99,2769.13
10/27/2021,75477,completed,passed,2806.71,2716.99,2769.13,2783.77,2746.23,2782.17
10/28/2021,58657,completed,failed,2783.77,2746.23,2782.17,2838.09,2775.54,2837.62
10/31/2021,81755,completed,passed,2838.09,2775.54,2837.62,2866.44,2804.31,2819.87
11/01/2021,80217,completed,passed,2866.44,2804.31,2819.87,2845.89,2789.2,2843.62
11/02/2021,59809,completed,passed,2845.89,2789.2,2843.62,2878.2,2837.59,2848.84
11/03/2021,61615,completed,passed,2878.2,2837.59,2848.84,2863.8,2821.64,2829.65
11/08/2021,49410,completed,passed,2863.8,2821.64,2829.65,2833.05,2730.21,2749.86
11/09/2021,100576,completed,passed,2833.05,2730.21,2749.86,2750.28,2687.68,2690.29
11/11/2021,73271,completed,passed,2750.28,2687.68,2690.29,2704.47,2667.34,2688.92
11/14/2021,61371,completed,passed,2704.47,2667.34,2688.92,2728.91,2685.67,2715.35
11/15/2021,59273,completed,passed,2728.91,2685.67,2715.35,2784.63,2716,2784.58
11/16/2021,69163,completed,passed,2784.63,2716,2784.58,2825.98,2795.19,2801.52
11/17/2021,77456,completed,passed,2825.98,2795.19,2801.52,2810.64,2760.2,2769.13
11/18/2021,69883,completed,passed,2810.64,2760.2,2769.13,2780.04,2749.83,2757.53
11/21/2021,54627,completed,passed,2780.04,2749.83,2757.53,2778.28,2758.64,2765.44
11/22/2021,51380,completed,passed,2778.28,2758.64,2765.44,2765.68,2719.99,2733.14
11/23/2021,53650,completed,passed,2765.68,2719.99,2733.14,2743.22,2694.06,2735.01
11/24/2021,54632,completed,passed,2743.22,2694.06,2735.01,2746.55,2720.84,2731.78
11/25/2021,47031,completed,passed,2746.55,2720.84,2731.78,2733.35,2644.6,2651.49
11/28/2021,70725,completed,passed,2733.35,2644.6,2651.49,2677.87,2621.8,2629.98
11/29/2021,51041,completed,passed,2677.87,2621.8,2629.98,2648.04,2603.9,2628.37
11/30/2021,41505,completed,passed,2648.04,2603.9,2628.37,2649.99,2628.48,2633.66
12/01/2021,37498,completed,passed,2649.99,2628.48,2633.66,2645.57,2580.6,2584.61
12/02/2021,47713,completed,passed,2645.57,2580.6,2584.61,2587.57,2504.69,2513.89
12/05/2021,59956,completed,passed,2587.57,2504.69,2513.89,2549.5,2438.86,2546.09
12/06/2021,69734,completed,passed,2549.5,2438.86,2546.09,2590.76,2505.86,2508.91
12/07/2021,49623,completed,passed,2590.76,2505.86,2508.91,2511.69,2448.78,2455.81
12/08/2021,42826,completed,passed,2511.69,2448.78,2455.81,2465.08,2428.33,2449.97
12/09/2021,41309,completed,passed,2465.08,2428.33,2449.97,2455.72,2359.95,2361.27
12/12/2021,51752,completed,passed,2455.72,2359.95,2361.27,2351.93,2259.51,2282.01
12/13/2021,62711,completed,passed,2351.93,2259.51,2282.01,2418.84,2283.67,2418.85
12/14/2021,29027,completed,passed,2418.84,2283.67,2418.85,2493.07,2379.09,2414.62
12/15/2021,71116,completed,passed,2493.07,2379.09,2414.62,2418.87,2371.73,2376.74
12/16/2021,37161,completed,passed,2418.87,2371.73,2376.74,2390.81,2346.6,2358.81
12/20/2021,37301,completed,passed,2390.81,2346.6,2358.81,2415.55,2360.32,2415.55
12/21/2021,34143,completed,passed,2415.55,2360.32,2415.55,2509.27,2424.38,2507.7
12/22/2021,55884,completed,passed,2509.27,2424.38,2507.7,2542.29,2485.38,2520.23
12/23/2021,58914,completed,passed,2542.29,2485.38,2520.23,2596.43,2531.15,2591.42
12/26/2021,61896,completed,passed,2596.43,2531.15,2591.42,2616.27,2518.16,2521.65
12/27/2021,67624,completed,passed,2616.27,2518.16,2521.65,2533.63,2486.05,2518.99
12/28/2021,41987,completed,passed,2533.63,2486.05,2518.99,2538.78,2512.41,2524.5
12/29/2021,42437,completed,passed,2538.78,2512.41,2524.5,2585.01,2528.75,2584.91
01/02/2022,52959,completed,passed,2585.01,2528.75,2584.91,2634.86,2593.92,2616.94
01/03/2022,54339,completed,passed,2634.86,2593.92,2616.94,2679.95,2593.9,2679.95
01/04/2022,55231,completed,passed,2679.95,2593.9,2679.95,2700.29,2640.97,2649.2
01/05/2022,58458,completed,passed,2700.29,2640.97,2649.2,2692.76,2633.31,2692.47
01/06/2022,48068,completed,passed,2692.76,2633.31,2692.47,2770.55,2699.88,2765.47
01/09/2022,81976,completed,passed,2770.55,2699.88,2765.47,2806.74,2755.79,2784.95
01/10/2022,77075,completed,passed,2806.74,2755.79,2784.95,2848.26,2771.15,2834.13
01/11/2022,76807,completed,passed,2848.26,2771.15,2834.13,2874.89,2796.61,2803.62
01/12/2022,90416,completed,passed,2874.89,2796.61,2803.62,2858.2,2802.49,2857.75
01/13/2022,77549,completed,passed,2858.2,2802.49,2857.75,2940.13,2873.41,2926.74
01/16/2022,101364,completed,passed,2940.13,2873.41,2926.74,2956.11,2907.19,2947.38
01/17/2022,96264,completed,passed,2956.11,2907.19,2947.38,2981.92,2915.56,2936.66
01/18/2022,115817,completed,passed,2981.92,2915.56,2936.66,2952.57,2889.18,2898.31
01/19/2022,84061,completed,passed,2952.57,2889.18,2898.31,2936.58,2884,2931.34
01/20/2022,75504,completed,passed,2936.58,2884,2931.34,2962.44,2906.19,2920.51
01/23/2022,87391,completed,passed,2962.44,2906.19,2920.51,2926.21,2803.72,2820.65
01/24/2022,113048,completed,passed,2926.21,2803.72,2820.65,2857.91,2781.01,2815.06
01/25/2022,72270,completed,passed,2857.91,2781.01,2815.06,2819.74,2760.88,2776.65
01/26/2022,60903,completed,passed,2819.74,2760.88,2776.65,2804.07,2776.74,2779.98
01/27/2022,50817,completed,passed,2804.07,2776.74,2779.98,2885.62,2805.01,2885.53
01/30/2022,81549,completed,passed,2885.62,2805.01,2885.53,2909.13,2860.7,2871.05
01/31/2022,69661,completed,passed,2909.13,2860.7,2871.05,2897.18,2855.95,2891.3
02/01/2022,80678,completed,passed,2897.18,2855.95,2891.3,2925.05,2870.64,2876.74
02/03/2022,108239,completed,passed,2925.05,2870.64,2876.74,2877.04,2829.1,2836.17
02/06/2022,73083,completed,passed,2877.04,2829.1,2836.17,2853.78,2822.52,2851.86
02/07/2022,66031,completed,passed,2853.78,2822.52,2851.86,2921.35,2825.96,2835.58
02/08/2022,71232,completed,passed,2921.35,2825.96,2835.58,2837.35,2799.96,2813.52
02/09/2022,45055,completed,passed,2837.35,2799.96,2813.52,2825.34,2790.9,2801.56
02/10/2022,48948,completed,passed,2825.34,2790.9,2801.56,2784.19,2696.65,2700.89
02/13/2022,81739,completed,passed,2784.19,2696.65,2700.89,2729.26,2694.31,2700.98
02/14/2022,49794,completed,passed,2729.26,2694.31,2700.98,2754.5,2703.27,2754.29
02/15/2022,43441,completed,passed,2754.5,2703.27,2754.29,2772.11,2725.16,2734.44
02/16/2022,39566,completed,passed,2772.11,2725.16,2734.44,2745.37,2723.17,2732.52
02/17/2022,34256,completed,passed,2745.37,2723.17,2732.52,2715.82,2669.32,2693.1
02/20/2022,56876,completed,passed,2715.82,2669.32,2693.1,2719.07,2693.83,2718.51
02/21/2022,40758,completed,passed,2719.07,2693.83,2718.51,2750.3,2719.88,2735.93
02/22/2022,48027,completed,passed,2750.3,2719.88,2735.93,2747.56,2715.91,2720.43
02/23/2022,48818,completed,passed,2747.56,2715.91,2720.43,2715.82,2654.37,2661.44
02/24/2022,64879,completed,passed,2715.82,2654.37,2661.44,2680.39,2638.01,2653.7
02/27/2022,49572,completed,passed,2680.39,2638.01,2653.7,2683.75,2606.62,2610.6
02/28/2022,54029,completed,passed,2683.75,2606.62,2610.6,2612.5,2542.1,2547.04
03/02/2022,55083,completed,passed,2612.5,2542.1,2547.04,2568.62,2527.97,2543.39
03/06/2022,45540,completed,passed,2568.62,2527.97,2543.39,2566.63,2538.28,2544.93
03/07/2022,40082,completed,passed,2566.63,2538.28,2544.93,2557.55,2504.37,2514.58
03/09/2022,39713,completed,passed,2557.55,2504.37,2514.58,2566.9,2498.45,2566.9
03/10/2022,43462,completed,passed,2566.9,2498.45,2566.9,2667.97,2575.21,2667.97
03/13/2022,64495,completed,passed,2667.97,2575.21,2667.97,2683.41,2650.23,2668.11
03/14/2022,18565,completed,passed,2683.41,2650.23,2668.11,2677.36,2637.15,2650.97
03/15/2022,46216,completed,passed,2677.36,2637.15,2650.97,2661.28,2625.96,2631.32
03/16/2022,36949,completed,passed,2661.28,2625.96,2631.32,2644.46,2607.74,2616.58
03/20/2022,35151,completed,passed,2644.46,2607.74,2616.58,2634.66,2600.92,2634.65
03/21/2022,37875,completed,passed,2634.66,2600.92,2634.65,2658.05,2634.41,2650.7
03/22/2022,36686,completed,passed,2658.05,2634.41,2650.7,2654.48,2622.69,2630.36
03/23/2022,29633,completed,passed,2654.48,2622.69,2630.36,2639.01,2611.18,2613.67
03/24/2022,45014,completed,passed,2639.01,2611.18,2613.67,2642.32,2567.75,2572.23
03/27/2022,62058,completed,passed,2642.32,2567.75,2572.23,2580.33,2537.87,2542.28
03/28/2022,42648,completed,passed,2580.33,2537.87,2542.28,2562.4,2519.89,2527.58
03/29/2022,31359,completed,passed,2562.4,2519.89,2527.58,2568.25,2515.8,2568.25
03/30/2022,36753,completed,passed,2568.25,2515.8,2568.25,2584.54,2538.13,2544.3
03/31/2022,37384,completed,passed,2584.54,2538.13,2544.3,2547.04,2509.76,2513.41
04/03/2022,28039,completed,passed,2547.04,2509.76,2513.41,2525.54,2495.84,2497.47
04/04/2022,31485,completed,passed,2525.54,2495.84,2497.47,2507.77,2434.27,2452.06
04/05/2022,45753,completed,passed,2507.77,2434.27,2452.06,2458.35,2416.38,2428.75
04/06/2022,38177,completed,passed,2458.35,2416.38,2428.75,2476.37,2427.71,2464.31
04/07/2022,42420,completed,passed,2476.37,2427.71,2464.31,2510.13,2415.9,2419.71
04/11/2022,40412,completed,passed,2510.13,2415.9,2419.71,2428.8,2379.48,2385.02
04/12/2022,31476,completed,passed,2428.8,2379.48,2385.02,2415.35,2366.94,2415.24
04/13/2022,28873,completed,passed,2415.35,2366.94,2415.24,2437.67,2379.53,2385.64
04/17/2022,28974,completed,passed,2437.67,2379.53,2385.64,2387.51,2341.92,2343.87
04/18/2022,31746,completed,passed,2387.51,2341.92,2343.87,2372.32,2314.42,2357.24
04/19/2022,27753,completed,passed,2372.32,2314.42,2357.24,2367.25,2316.69,2320.51
04/20/2022,32435,completed,passed,2367.25,2316.69,2320.51,2333.93,2286.6,2325.45
04/21/2022,36115,completed,passed,2333.93,2286.6,2325.45,2430.28,2331.51,2420.91
04/24/2022,43335,completed,passed,2430.28,2331.51,2420.91,2444.55,2381.93,2386.01
04/25/2022,46324,completed,passed,2444.55,2381.93,2386.01,2402.23,2358.76,2370.99
04/26/2022,25698,completed,passed,2402.23,2358.76,2370.99,2376.63,2348.57,2376.17
04/27/2022,23481,completed,passed,2376.63,2348.57,2376.17,2390.27,2351.48,2356.17
04/28/2022,28844,completed,passed,2390.27,2351.48,2356.17,2359.4,2303.26,2307.44
05/02/2022,31353,completed,passed,2359.4,2303.26,2307.44,2312.07,2269.73,2275.68
05/04/2022,27521,completed,passed,2312.07,2269.73,2275.68,2275.42,2225.79,2238.62
05/05/2022,34188,completed,passed,2275.42,2225.79,2238.62,2256.64,2204.37,2256.57
05/08/2022,27153,completed,passed,2256.64,2204.37,2256.57,2289.84,2255.45,2268.84
05/09/2022,28627,completed,passed,2289.84,2255.45,2268.84,2314.63,2268.76,2313
05/10/2022,26515,completed,passed,2314.63,2268.76,2313,2369.17,2313.28,2369.06
05/11/2022,37716,completed,passed,2369.17,2313.28,2369.06,2389.07,2343.33,2350.42
05/12/2022,39959,completed,passed,2389.07,2343.33,2350.42,2350.43,2263.3,2265.52
05/17/2022,33565,completed,passed,2350.43,2263.3,2265.52,2281.96,2237.98,2274.42
05/18/2022,27005,completed,passed,2281.96,2237.98,2274.42,2282.88,2247.6,2250.91
05/19/2022,23537,completed,passed,2282.88,2247.6,2250.91,2258.51,2231.33,2235.09
05/20/2022,19084,completed,passed,2258.51,2231.33,2235.09,2249.62,2191.03,2200.88
05/23/2022,28452,completed,passed,2249.62,2191.03,2200.88,2227.87,2190.52,2217.19
05/24/2022,21658,completed,passed,2227.87,2190.52,2217.19,2243.57,2222.01,2231.57
05/25/2022,21970,completed,passed,2243.57,2222.01,2231.57,2245.42,2222.89,2239.6
05/26/2022,18771,completed,passed,2245.42,2222.89,2239.6,2250.69,2214.64,2223.78
05/27/2022,21882,completed,passed,2250.69,2214.64,2223.78,2233.54,2173.44,2173.44
05/30/2022,26875,completed,passed,2233.54,2173.44,2173.44,2172.01,2126.39,2137.92
05/31/2022,27476,completed,passed,2172.01,2126.39,2137.92,2154.58,2119.41,2130.71
06/01/2022,23031,completed,passed,2154.58,2119.41,2130.71,2142.65,2107.77,2112.47
06/02/2022,21768,completed,passed,2142.65,2107.77,2112.47,2117.4,2071.93,2078.7
06/03/2022,26663,completed,passed,2117.4,2071.93,2078.7,2093.95,2054.13,2065.82
06/06/2022,25849,completed,passed,2093.95,2054.13,2065.82,2065.19,2016.78,2020.23
06/07/2022,28878,completed,passed,2065.19,2016.78,2020.23,2096.18,2017.25,2080.44
06/08/2022,30621,completed,passed,2096.18,2017.25,2080.44,2115.6,2058.28,2062.8
06/09/2022,30696,completed,passed,2115.6,2058.28,2062.8,2070.01,2036.55,2048.16
06/10/2022,18564,completed,passed,2070.01,2036.55,2048.16,2052.47,2027.05,2032.34
06/13/2022,20744,completed,passed,2052.47,2027.05,2032.34,2034.81,1990.32,1996.26
06/14/2022,31752,completed,passed,2034.81,1990.32,1996.26,1999.08,1945.42,1966.37
06/15/2022,30539,completed,passed,1999.08,1945.42,1966.37,1993.95,1950.76,1978.94
06/16/2022,25566,completed,passed,1993.95,1950.76,1978.94,1991.58,1966.85,1971.36
06/17/2022,15138,completed,passed,1991.58,1966.85,1971.36,1974.22,1928.19,1934.11
06/19/2022,26952,completed,passed,1974.22,1928.19,1934.11,1934.64,1879.69,1884.81
06/20/2022,36410,completed,passed,1934.64,1879.69,1884.81,1931.91,1877.8,1924.74
06/21/2022,25298,completed,passed,1931.91,1877.8,1924.74,1926.99,1889.7,1893.53
06/22/2022,20387,completed,passed,1926.99,1889.7,1893.53,1889.4,1835.88,1848.28
06/23/2022,33397,completed,passed,1889.4,1835.88,1848.28,1879.45,1806.95,1862.06
06/24/2022,22844,completed,passed,1879.45,1806.95,1862.06,1957.09,1863.43,1956.98
06/26/2022,44264,completed,passed,1957.09,1863.43,1956.98,1987.59,1931.17,1933.13
06/27/2022,43036,completed,passed,1987.59,1931.17,1933.13,1936.01,1908.74,1921.31
06/28/2022,23083,completed,passed,1936.01,1908.74,1921.31,1963.77,1915.19,1962.71
06/29/2022,29370,completed,passed,1963.77,1915.19,1962.71,2037.64,1966.85,2037.64
06/30/2022,47265,completed,passed,2037.64,1966.85,2037.64,2053.98,2015.56,2028.77
07/01/2022,28828,completed,passed,2053.98,2015.56,2028.77,2086.38,2020.96,2086.38
07/03/2022,45047,completed,passed,2086.38,2020.96,2086.38,2148.61,2059,2076.67
07/04/2022,75645,completed,passed,2148.61,2059,2076.67,2091.88,2025.57,2030.59
07/05/2022,49326,completed,passed,2091.88,2025.57,2030.59,2047.37,1994.54,2043.92
07/06/2022,37936,completed,passed,2047.37,1994.54,2043.92,2080.96,2023.01,2027.32
07/07/2022,31218,completed,passed,2080.96,2023.01,2027.32,2033.4,1988.43,1992.61
07/08/2022,20087,completed,passed,2033.4,1988.43,1992.61,1993.55,1912.49,1915.61
07/11/2022,45113,completed,passed,1993.55,1912.49,1915.61,1947.54,1908.59,1927.28
07/12/2022,30641,completed,passed,1947.54,1908.59,1927.28,1986.82,1928.5,1986.82
07/13/2022,32719,completed,passed,1986.82,1928.5,1986.82,2012.16,1977.14,2001.53
07/14/2022,39104,completed,passed,2012.16,1977.14,2001.53,2009.89,1989.19,2009.46
07/15/2022,21566,completed,passed,2009.89,1989.19,2009.46,2018.97,1994.75,2011.39
07/17/2022,25850,completed,passed,2018.97,1994.75,2011.39,2029.46,2000.14,2029.43
07/18/2022,23319,completed,passed,2029.46,2000.14,2029.43,2062.36,2028.17,2045.63
07/19/2022,37879,completed,passed,2062.36,2028.17,2045.63,2061.56,2033.28,2050.59
07/20/2022,28994,completed,passed,2061.56,2033.28,2050.59,2066.07,2038.33,2044.72
07/21/2022,27464,completed,passed,2066.07,2038.33,2044.72,2047.29,2013.46,2017.46
07/22/2022,23819,completed,passed,2047.29,2013.46,2017.46,2078.51,2027.66,2078.51
07/24/2022,42817,completed,passed,2078.51,2027.66,2078.51,2134.62,2081.65,2132.96
07/25/2022,59848,completed,passed,2134.62,2081.65,2132.96,2141.61,2085.83,2088.16
07/26/2022,60428,completed,passed,2141.61,2085.83,2088.16,2112.11,2065.96,2111.99
07/27/2022,50150,completed,passed,2112.11,2065.96,2111.99,2156.39,2105.7,2127.42
07/28/2022,72244,completed,passed,2156.39,2105.7,2127.42,2147.63,2117.31,2140.39
07/29/2022,34931,completed,passed,2147.63,2117.31,2140.39,2195.35,2142.3,2195.1
07/31/2022,67637,completed,passed,2195.35,2142.3,2195.1,2224.48,2183.22,2196.25
08/01/2022,67095,completed,passed,2224.48,2183.22,2196.25,2202.88,2170.25,2193.43
08/02/2022,50243,completed,passed,2202.88,2170.25,2193.43,2214.05,2183.09,2186.77
08/03/2022,57155,completed,passed,2214.05,2183.09,2186.77,2193.35,2147.7,2148.16
08/04/2022,56606,completed,passed,2193.35,2147.7,2148.16,2150.58,2108.34,2113.3
08/05/2022,40293,completed,passed,2150.58,2108.34,2113.3,2133.62,2107.49,2123.82
08/07/2022,44104,completed,passed,2133.62,2107.49,2123.82,2140.26,2102.25,2106.15
08/08/2022,44449,completed,passed,2140.26,2102.25,2106.15,2112.71,2060.31,2062.8
08/09/2022,46201,completed,passed,2112.71,2060.31,2062.8,2074.92,2042.62,2056.88
08/10/2022,36054,completed,passed,2074.92,2042.62,2056.88,2074.73,2036.8,2037.92
08/11/2022,36189,completed,passed,2074.73,2036.8,2037.92,2043.03,2007.68,2010.01
08/14/2022,38343,completed,passed,2043.03,2007.68,2010.01,2065.9,2007.19,2065.89
08/15/2022,42821,completed,passed,2065.9,2007.19,2065.89,2088.23,2035.47,2041.06
08/16/2022,43340,completed,passed,2088.23,2035.47,2041.06,2053.09,2035.38,2040.7
08/17/2022,26157,completed,passed,2053.09,2035.38,2040.7,2072.37,2041.71,2068.26
08/18/2022,41528,completed,passed,2072.37,2041.71,2068.26,2089.25,2055.78,2060.55
08/21/2022,43375,completed,passed,2089.25,2055.78,2060.55,2065.81,2043.72,2053.13
08/22/2022,31732,completed,passed,2065.81,2043.72,2053.13,2060.21,2048.8,2054.95
08/23/2022,27140,completed,passed,2060.21,2048.8,2054.95,2073.54,2052.13,2057.85
08/24/2022,33591,completed,passed,2073.54,2052.13,2057.85,2068.55,2035.69,2039.55
08/25/2022,32903,completed,passed,2068.55,2035.69,2039.55,2040.46,2018.18,2022.62
08/26/2022,26954,completed,passed,2040.46,2018.18,2022.62,2022.76,1987.04,1989.26
08/28/2022,43848,completed,passed,2022.76,1987.04,1989.26,1995.78,1975.07,1993.02
08/29/2022,25988,completed,passed,1995.78,1975.07,1993.02,2012.18,1987.39,1995.21
08/30/2022,20789,completed,passed,2012.18,1987.39,1995.21,1996.89,1968.41,1973.38
08/31/2022,29517,completed,passed,1996.89,1968.41,1973.38,1982.34,1953.58,1972.29
09/01/2022,29073,completed,passed,1982.34,1953.58,1972.29,1984.88,1964.8,1970.62
09/02/2022,13293,completed,passed,1984.88,1964.8,1970.62,1988.38,1969.48,1977.3
09/04/2022,25001,completed,passed,1988.38,1969.48,1977.3,1987.57,1970.68,1973.01
09/05/2022,21434,completed,passed,1987.57,1970.68,1973.01,1978,1947.21,1951.79
09/06/2022,24590,completed,passed,1978,1947.21,1951.79,1955.97,1933.29,1939.88
09/07/2022,20420,completed,passed,1955.97,1933.29,1939.88,1947.91,1925.22,1937.74
09/08/2022,22142,completed,passed,1947.91,1925.22,1937.74,1946.42,1922,1926.28
09/11/2022,20094,completed,passed,1946.42,1922,1926.28,1928.71,1906.75,1912.74
09/12/2022,20497,completed,passed,1928.71,1906.75,1912.74,1940.85,1913.2,1934.04
09/13/2022,20451,completed,passed,1940.85,1913.2,1934.04,1984.12,1936.34,1981.48
09/14/2022,30976,completed,passed,1984.12,1936.34,1981.48,1989.84,1920.38,1924.48
09/15/2022,35504,completed,passed,1989.84,1920.38,1924.48,1921.05,1886.72,1910.38
09/16/2022,18501,completed,passed,1921.05,1886.72,1910.38,1911.57,1874.14,1876.41
09/18/2022,27728,completed,passed,1911.57,1874.14,1876.41,1877.65,1833.55,1837.6
09/20/2022,30105,completed,passed,1877.65,1833.55,1837.6,1862.48,1838.14,1848.82
09/21/2022,19826,completed,passed,1862.48,1838.14,1848.82,1856.02,1836.17,1838.96
09/22/2022,17888,completed,passed,1856.02,1836.17,1838.96,1838.67,1811.32,1815.13
09/25/2022,22621,completed,passed,1838.67,1811.32,1815.13,1842.05,1814.68,1831.05
09/27/2022,16772,completed,passed,1842.05,1814.68,1831.05,1845.69,1831.23,1837.46
09/28/2022,11898,completed,passed,1845.69,1831.23,1837.46,1853.8,1835.95,1853.76
09/29/2022,14222,completed,passed,1853.8,1835.95,1853.76,1898.45,1854.542,1898.38
10/09/2022,14935,completed,passed,1898.45,1854.542,1898.38,1908.58,1866.83,1871.22
10/10/2022,17796,completed,passed,1908.58,1866.83,1871.22,1871.28,1849.8,1855.16
10/11/2022,12239,completed,passed,1871.28,1849.8,1855.16,1872.86,1848.13,1866.48
10/12/2022,14120,completed,passed,1872.86,1848.13,1866.48,1878.16,1860.85,1870.63
10/13/2022,17103,completed,passed,1878.16,1860.85,1870.63,1872.52,1852.74,1860.94
10/16/2022,16717,completed,passed,1872.52,1852.74,1860.94,1864.74,1854.24,1858.33
10/17/2022,13580,completed,passed,1864.74,1854.24,1858.33,1861.93,1840.5,1845.51
10/19/2022,20221,completed,passed,1861.93,1840.5,1845.51,1849.86,1834.31,1844.14
10/20/2022,17259,completed,passed,1849.86,1834.31,1844.14,1858.57,1843.8,1858.49
10/23/2022,13056,completed,passed,1858.57,1843.8,1858.49,1874.88,1856.93,1874.87
10/31/2022,17712,completed,passed,1874.88,1856.93,1874.87,1931.54,1871.77,1930.99
11/01/2022,27879,completed,passed,1931.54,1871.77,1930.99,1956.61,1916.32,1938.3
11/02/2022,28992,completed,passed,1956.61,1916.32,1938.3,1940.61,1918.84,1922.16
11/03/2022,18108,completed,passed,1940.61,1918.84,1922.16,1965.7,1919.24,1965.36
11/06/2022,27711,completed,passed,1965.7,1919.24,1965.36,1987.32,1955.28,1958.94
11/07/2022,35008,completed,passed,1987.32,1955.28,1958.94,1966.41,1948.35,1956.36
11/08/2022,18451,completed,passed,1966.41,1948.35,1956.36,1967.8,1914.27,1917.22
11/09/2022,24344,completed,passed,1967.8,1914.27,1917.22,1929.01,1889.64,1893.7
11/10/2022,22372,completed,passed,1929.01,1889.64,1893.7,1901.31,1879.58,1883.16
11/13/2022,17978,completed,passed,1901.31,1879.58,1883.16,1904.5,1879.36,1904.45
11/14/2022,17718,completed,passed,1904.5,1879.36,1904.45,1919.8,1895.89,1897.86
11/15/2022,22750,completed,passed,1919.8,1895.89,1897.86,1914.38,1898.7,1911.26
11/16/2022,17664,completed,passed,1914.38,1898.7,1911.26,1939.59,1912.04,1936.83
11/17/2022,27198,completed,passed,1939.59,1912.04,1936.83,1961.28,1926.39,1929.7
11/22/2022,24215,completed,passed,1961.28,1926.39,1929.7,1933.93,1913.09,1921.99
11/23/2022,17846,completed,passed,1933.93,1913.09,1921.99,1933.55,1916.35,1933.55
11/24/2022,18463,completed,passed,1933.55,1916.35,1933.55,1965.98,1934.41,1965.98
11/27/2022,31043,completed,passed,1965.98,1934.41,1965.98,1980.26,1947.37,1950.37
11/28/2022,24924,completed,passed,1980.26,1947.37,1950.37,1957.88,1933.64,1953.35
11/29/2022,18008,completed,passed,1957.88,1933.64,1953.35,1955.6,1942.95,1949.85
11/30/2022,15652,completed,passed,1955.6,1942.95,1949.85,1969.02,1941.58,1961.06
12/01/2022,21106,completed,passed,1969.02,1941.58,1961.06,1973.55,1957.18,1963.22
12/04/2022,26102,completed,passed,1973.55,1957.18,1963.22,1965.77,1935.65,1938.76
12/05/2022,26446,completed,passed,1965.77,1935.65,1938.76,1944.11,1922.13,1933.88
12/06/2022,19082,completed,passed,1944.11,1922.13,1933.88,1936.39,1916.19,1917.28
12/07/2022,20007,completed,passed,1936.39,1916.19,1917.28,1918.51,1883.09,1885.31
12/11/2022,24588,completed,passed,1918.51,1883.09,1885.31,1902.42,1868.65,1902.27
12/12/2022,22960,completed,passed,1902.42,1868.65,1902.27,1904.75,1888.82,1899.7
12/13/2022,16299,completed,passed,1904.75,1888.82,1899.7,1906.04,1893.01,1897.08
12/14/2022,16640,completed,passed,1906.04,1893.01,1897.08,1899,1880.16,1882.6
12/15/2022,22343,completed,passed,1899,1880.16,1882.6,1883.82,1850.96,1855.06
12/18/2022,26640,completed,passed,1883.82,1850.96,1855.06,1865.18,1849.19,1858.89
12/19/2022,30518,completed,passed,1865.18,1849.19,1858.89,1881.21,1858.57,1873.11
12/20/2022,23309,completed,passed,1881.21,1858.57,1873.11,1883.09,1864.7,1867.22
12/21/2022,20391,completed,passed,1883.09,1864.7,1867.22,1867.21,1850.58,1867.21
12/22/2022,23018,completed,passed,1867.21,1850.58,1867.21,1924.09,1866.37,1924.09
12/26/2022,38494,completed,passed,1924.09,1866.37,1924.09,1999.01,1928.81,1983.95
12/27/2022,62992,completed,passed,1999.01,1928.81,1983.95,1994.33,1961.57,1972.15
12/28/2022,39623,completed,passed,1994.33,1961.57,1972.15,2029.11,1962.42,2029.03
12/29/2022,45854,completed,passed,2029.11,1962.42,2029.03,2083.19,2030.25,2046.26
01/01/2023,62477,completed,passed,2083.19,2030.25,2046.26,2070.58,2028.32,2064.09
01/02/2023,48441,completed,passed,2070.58,2028.32,2064.09,2081.53,2050.57,2061.06
01/03/2023,53227,completed,passed,2081.53,2050.57,2061.06,2126.04,2066.57,2125.84
01/04/2023,57215,completed,passed,2126.04,2066.57,2125.84,2160.73,2113.32,2143.93
01/05/2023,71703,completed,passed,2160.73,2113.32,2143.93,2191.69,2126.47,2164.61
01/08/2023,75341,completed,passed,2191.69,2126.47,2164.61,2211.77,2161.03,2211.76
01/09/2023,74441,completed,passed,2211.77,2161.03,2211.76,2277.61,2178.19,2190.42
01/10/2023,109800,completed,passed,2277.61,2178.19,2190.42,2237.37,2143.97,2149.39
01/12/2023,82964,completed,passed,2237.37,2143.97,2149.39,2187.79,2136.38,2182.11
01/17/2023,63353,completed,passed,2187.79,2136.38,2182.11,2214.78,2166.35,2173.1
01/18/2023,69490,completed,passed,2214.78,2166.35,2173.1,2192.71,2163.14,2178.81
01/19/2023,58517,completed,passed,2192.71,2163.14,2178.81,2203.13,2162.83,2165.1
01/23/2023,65060,completed,passed,2203.13,2162.83,2165.1,2173.24,2139.89,2173.25
01/24/2023,52376,completed,passed,2173.24,2139.89,2173.25,2199.93,2175.13,2183.62
01/25/2023,54258,completed,passed,2199.93,2175.13,2183.62,2201.64,2177.99,2183.21
01/26/2023,47828,completed,passed,2201.64,2177.99,2183.21,2192.85,2163.89,2168.53
01/29/2023,51840,completed,passed,2192.85,2163.89,2168.53,2174.66,2124.83,2127.52
01/30/2023,57014,completed,passed,2174.66,2124.83,2127.52,2136.44,2107.77,2111.68
01/31/2023,53778,completed,passed,2136.44,2107.77,2111.68,2124.3,2104.48,2116.65
02/01/2023,36820,completed,passed,2124.3,2104.48,2116.65,2126.14,2090.14,2094.54
02/02/2023,39589,completed,passed,2126.14,2090.14,2094.54,2118.27,2087.69,2096.08
02/05/2023,39128,completed,passed,2118.27,2087.69,2096.08,2102.7,2087.2,2100.7
02/06/2023,29805,completed,passed,2102.7,2087.2,2100.7,2177.75,2099.03,2177.34
02/07/2023,59843,completed,passed,2177.75,2099.03,2177.34,2213.89,2161,2170.21
02/08/2023,55533,completed,passed,2213.89,2161,2170.21,2183.75,2153.31,2182.61
02/09/2023,35388,completed,passed,2183.75,2153.31,2182.61,2181.2,2117.67,2121.75
02/12/2023,51176,completed,passed,2181.2,2117.67,2121.75,2122.56,2100.57,2105.46
02/14/2023,36837,completed,passed,2122.56,2100.57,2105.46,2117.84,2086.78,2091.56
02/15/2023,33425,completed,passed,2117.84,2086.78,2091.56,2099.43,2066.78,2070.41
02/16/2023,34997,completed,passed,2099.43,2066.78,2070.41,2069.78,2040.18,2046.81
02/20/2023,38348,completed,passed,2069.78,2040.18,2046.81,2084.04,2048.11,2080.38
02/22/2023,39908,completed,passed,2084.04,2048.11,2080.38,2078.48,2014.6,2022.64
02/23/2023,47966,completed,passed,2078.48,2014.6,2022.64,2029.66,1961.24,2027.19
02/26/2023,50429,completed,passed,2029.66,1961.24,2027.19,2043.99,1990.27,2023.54
02/27/2023,37268,completed,passed,2043.99,1990.27,2023.54,2033.7,2013.25,2019.93
02/28/2023,28641,completed,passed,2033.7,2013.25,2019.93,2024.7,1994.46,1995.49
03/01/2023,26397,completed,passed,2024.7,1994.46,1995.49,1996.4712,1966.9105,1967.4503
03/02/2023,28377,completed,passed,1996.4712,1966.9105,1967.4503,1975.93,1935.21,1938.25
03/05/2023,30864,completed,passed,1975.93,1935.21,1938.25,1964.08,1937.43,1952.66
03/07/2023,24319,completed,passed,1964.08,1937.43,1952.66,2002.99,1955.55,2002.7
03/09/2023,38059,completed,passed,2002.99,1955.55,2002.7,2017.3,1970.67,1975.89
03/12/2023,36218,completed,passed,2017.3,1970.67,1975.89,1977.52,1944.42,1951.21
03/13/2023,26814,completed,passed,1977.52,1944.42,1951.21,1965.19,1939.32,1953.06
03/14/2023,26415,completed,passed,1965.19,1939.32,1953.06,1956.37,1926.57,1938.62
03/15/2023,25456,completed,passed,1956.37,1926.57,1938.62,1946.77,1919.93,1933.31
03/16/2023,26333,completed,passed,1946.77,1919.93,1933.31,1939.43,1922.22,1926.4
03/19/2023,30728,completed,passed,1939.43,1922.22,1926.4,1949.17,1925.41,1949.06
03/20/2023,29237,completed,passed,1949.17,1925.41,1949.06,1962.94,1929.49,1933.29
03/22/2023,30441,completed,passed,1962.94,1929.49,1933.29,1933.56,1905.96,1915.14
03/23/2023,29631,completed,passed,1933.56,1905.96,1915.14,1915.41,1881.07,1888.27
03/26/2023,32134,completed,passed,1915.41,1881.07,1888.27,1907.04,1864.91,1906
03/27/2023,36918,completed,passed,1907.04,1864.91,1906,1936.48,1906.4,1918.1
03/28/2023,35877,completed,passed,1936.48,1906.4,1918.1,1922.04,1901.62,1919.42
03/29/2023,25385,completed,passed,1922.04,1901.62,1919.42,1932.68,1905.12,1908.55
03/30/2023,26397,completed,passed,1932.68,1905.12,1908.55,1928.66,1883.2,1888.55
04/02/2023,32342,completed,passed,1928.66,1883.2,1888.55,1892.03,1865.96,1871.88
04/03/2023,27415,completed,passed,1892.03,1865.96,1871.88,1880.46,1856.35,1866.68
04/04/2023,23142,completed,passed,1880.46,1856.35,1866.68,1878.77,1857.54,1875.07
04/05/2023,21456,completed,passed,1878.77,1857.54,1875.07,1889.07,1863.66,1866.79
04/06/2023,23343,completed,passed,1889.07,1863.66,1866.79,1869.43,1833.68,1838.48
04/09/2023,29188,completed,passed,1869.43,1833.68,1838.48,1851.49,1833.08,1844.02
04/10/2023,35502,completed,passed,1851.49,1833.08,1844.02,1872.11,1844.41,1871.33
04/11/2023,35168,completed,passed,1872.11,1844.41,1871.33,1963.89,1871.46,1963.55
04/12/2023,47207,completed,passed,1963.89,1871.46,1963.55,1981.87,1928.93,1934.47
04/13/2023,44653,completed,passed,1981.87,1928.93,1934.47,1945.05,1918.52,1931.68
04/16/2023,33097,completed,passed,1945.05,1918.52,1931.68,1937.65,1904.39,1908.04
04/17/2023,27388,completed,passed,1937.65,1904.39,1908.04,1911.51,1892.82,1904.98
04/18/2023,24389,completed,passed,1911.51,1892.82,1904.98,1924.4,1903.28,1920.12
04/19/2023,23472,completed,passed,1924.4,1903.28,1920.12,1928.76,1902.15,1904.4
04/20/2023,23233,completed,passed,1928.76,1902.15,1904.4,1906.66,1881.15,1885.6
04/23/2023,31370,completed,passed,1906.66,1881.15,1885.6,1891.87,1875.14,1888.32
04/24/2023,33175,completed,passed,1891.87,1875.14,1888.32,1905.73,1885.17,1905.68
04/25/2023,27722,completed,passed,1905.73,1885.17,1905.68,1913.28,1888.89,1892
04/26/2023,23407,completed,passed,1913.28,1888.89,1892,1895.17,1880.25,1889.73
04/27/2023,21820,completed,passed,1895.17,1880.25,1889.73,1890.34,1867.73,1870.65
04/30/2023,26745,completed,passed,1890.34,1867.73,1870.65,1878.96,1860.43,1866.4
05/02/2023,21612,completed,passed,1878.96,1860.43,1866.4,1868.35,1852.35,1857.23
05/03/2023,18849,completed,passed,1868.35,1852.35,1857.23,1875.26,1846.67,1869.73
05/04/2023,20610,completed,passed,1875.26,1846.67,1869.73,1872.22,1848.8,1850.61
05/07/2023,23021,completed,passed,1872.22,1848.8,1850.61,1854.21,1825.61,1833.69
05/08/2023,25538,completed,passed,1854.21,1825.61,1833.69,1856.07,1828.99,1844.36
05/09/2023,20721,completed,passed,1856.07,1828.99,1844.36,1852.05,1835.61,1841.93
05/10/2023,16069,completed,passed,1852.05,1835.61,1841.93,1843.44,1831.2,1838.59
05/11/2023,16180,completed,passed,1843.44,1831.2,1838.59,1849.56,1818.08,1821.64
05/14/2023,22702,completed,passed,1849.56,1818.08,1821.64,1826.65,1807.53,1818.31
05/15/2023,20117,completed,passed,1826.65,1807.53,1818.31,1827.77,1810.1,1821.6
05/16/2023,18831,completed,passed,1827.77,1810.1,1821.6,1846.72,1821.02,1845.01
05/17/2023,25598,completed,passed,1846.72,1821.02,1845.01,1883.2,1844.5,1877.32
05/18/2023,32528,completed,passed,1883.2,1844.5,1877.32,1903.06,1874.4,1883.2
05/21/2023,34294,completed,passed,1903.06,1874.4,1883.2,1898.91,1866.08,1891.31
05/22/2023,25702,completed,passed,1898.91,1866.08,1891.31,1942.64,1891.37,1942.63
05/23/2023,38731,completed,passed,1942.64,1891.37,1942.63,1962.66,1928.16,1959.12
05/24/2023,34784,completed,passed,1962.66,1928.16,1959.12,1977.57,1938.12,1941.74
05/28/2023,47595,completed,passed,1977.57,1938.12,1941.74,1944.06,1884.91,1888.61
05/30/2023,40586,completed,passed,1944.06,1884.91,1888.61,1893.84,1844.32,1849.79
05/31/2023,36849,completed,passed,1893.84,1844.32,1849.79,1877,1837.24,1866.34
06/01/2023,29861,completed,passed,1877,1837.24,1866.34,1925.11,1865.73,1919.37
06/04/2023,31220,completed,passed,1925.11,1865.73,1919.37,1935.8,1899.54,1901.99
06/05/2023,36504,completed,passed,1935.8,1899.54,1901.99,1927.66,1893.61,1927.65
06/06/2023,36083,completed,passed,1927.66,1893.61,1927.65,1950.81,1928.13,1932.33
06/07/2023,41480,completed,passed,1950.81,1928.13,1932.33,1947.45,1920.65,1939.61
06/08/2023,43070,completed,passed,1947.45,1920.65,1939.61,1983.98,1941.24,1980.09
06/11/2023,61336,completed,passed,1983.98,1941.24,1980.09,2003.25,1972,1987.87
06/12/2023,49870,completed,passed,2003.25,1972,1987.87,2034.8,1977.52,2020.64
06/13/2023,70674,completed,passed,2034.8,1977.52,2020.64,2067.1,2015.19,2037.06
06/14/2023,79394,completed,passed,2067.1,2015.19,2037.06,2050.03,2017.7,2042.07
06/15/2023,52741,completed,passed,2050.03,2017.7,2042.07,2094.33,2037.9,2094.33
06/18/2023,70569,completed,passed,2094.33,2037.9,2094.33,2107.6,2075.21,2091.39
06/19/2023,69055,completed,passed,2107.6,2075.21,2091.39,2117.3,2057.03,2064.83
06/20/2023,63891,completed,passed,2117.3,2057.03,2064.83,2082.97,2043.84,2050.78
06/21/2023,59764,completed,passed,2082.97,2043.84,2050.78,2074.38,2042.28,2055.53
06/22/2023,56501,completed,passed,2074.38,2042.28,2055.53,2119.8,2057.37,2117.73
06/25/2023,90164,completed,passed,2119.8,2057.37,2117.73,2154.86,2120.42,2129.42
06/26/2023,73860,completed,passed,2154.86,2120.42,2129.42,2186.68,2132.48,2186.36
06/27/2023,80216,completed,passed,2186.68,2132.48,2186.36,2205.97,2146.06,2150.99
06/28/2023,82290,completed,passed,2205.97,2146.06,2150.99,2160.24,2094.07,2097.29
07/02/2023,74391,completed,passed,2160.24,2094.07,2097.29,2113.74,2069.6,2075.97
07/03/2023,64772,completed,passed,2113.74,2069.6,2075.97,2104.38,2067.22,2088.7
07/04/2023,46643,completed,passed,2104.38,2067.22,2088.7,2101.59,2046.55,2049.44
07/05/2023,53029,completed,passed,2101.59,2046.55,2049.44,2064.57,2033.43,2049.38
07/06/2023,69583,completed,passed,2064.57,2033.43,2049.38,2085.23,2049.69,2077.76
07/09/2023,73388,completed,passed,2085.23,2049.69,2077.76,2102.09,2067.85,2076.96
07/10/2023,65251,completed,passed,2102.09,2067.85,2076.96,2084.92,2064.52,2072.24
07/11/2023,54871,completed,passed,2084.92,2064.52,2072.24,2099.71,2072.24,2097.55
07/12/2023,59492,completed,passed,2099.71,2072.24,2097.55,2121.83,2080.42,2084.93
07/13/2023,57565,completed,passed,2121.83,2080.42,2084.93,2105.67,2079.18,2097.09
07/16/2023,38970,completed,passed,2105.67,2079.18,2097.09,2144.6,2089.16,2144.16
07/17/2023,50206,completed,passed,2144.6,2089.16,2144.16,2171.13,2146.52,2154.07
07/18/2023,56380,completed,passed,2171.13,2146.52,2154.07,2174.63,2141.82,2165.24
07/19/2023,51385,completed,passed,2174.63,2141.82,2165.24,2179.72,2152.82,2163.92
07/20/2023,54888,completed,passed,2179.72,2152.82,2163.92,2228.74,2166.44,2227.16
07/23/2023,75023,completed,passed,2228.74,2166.44,2227.16,2244.13,2194.16,2200.5
07/24/2023,74120,completed,passed,2244.13,2194.16,2200.5,2206.46,2162.55,2164.31
07/25/2023,53527,completed,passed,2206.46,2162.55,2164.31,2186.49,2152.54,2156.2
07/26/2023,42687,completed,passed,2186.49,2152.54,2156.2,2165.97,2124.32,2126.48
07/27/2023,44637,completed,passed,2165.97,2124.32,2126.48,2138.67,2091.5,2100.34
07/30/2023,46284,completed,passed,2138.67,2091.5,2100.34,2126.57,2094.06,2106.18
07/31/2023,40263,completed,passed,2126.57,2094.06,2106.18,2124.32,2070.33,2077.58
08/01/2023,40782,completed,passed,2124.32,2070.33,2077.58,2086.84,2062,2086.84
08/02/2023,35807,completed,passed,2086.84,2062,2086.84,2109.29,2083.92,2089.84
08/03/2023,40736,completed,passed,2109.29,2083.92,2089.84,2101.9,2041.69,2051.47
08/06/2023,61888,completed,passed,2101.9,2041.69,2051.47,2069.73,2030.19,2048.26
08/07/2023,101179,completed,passed,2069.73,2030.19,2048.26,2055.31,2013.37,2019.85
08/08/2023,74210,completed,passed,2055.31,2013.37,2019.85,2061.08,2000.23,2060.91
08/09/2023,77455,completed,passed,2061.08,2000.23,2060.91,2080.81,2045.98,2066.05
08/10/2023,57742,completed,passed,2080.81,2045.98,2066.05,2087.93,2057.7,2080.86
08/13/2023,95917,completed,passed,2087.93,2057.7,2080.86,2094.04,2073.49,2077.24
08/14/2023,68775,completed,passed,2094.04,2073.49,2077.24,2078.76,2041.12,2045.44
08/15/2023,61297,completed,passed,2078.76,2041.12,2045.44,2044.05,2014,2025.12
08/16/2023,45117,completed,passed,2044.05,2014,2025.12,2043.01,2025.4,2033.13
08/17/2023,43562,completed,passed,2043.01,2025.4,2033.13,2034.88,2008.03,2011.14
08/20/2023,43284,completed,passed,2034.88,2008.03,2011.14,2019.51,1991.81,1998.28
08/21/2023,39388,completed,passed,2019.51,1991.81,1998.28,2016.18,1990.29,2015.98
08/22/2023,34481,completed,passed,2016.18,1990.29,2015.98,2048.26,2015.8,2045.45
08/23/2023,44286,completed,passed,2048.26,2015.8,2045.45,2052.2,2009.09,2013.93
08/24/2023,40759,completed,passed,2052.2,2009.09,2013.93,2016.11,1989.22,1993.38
08/27/2023,38634,completed,passed,2016.11,1989.22,1993.38,2009.7,1989.37,1998.48
08/28/2023,31552,completed,passed,2009.7,1989.37,1998.48,2002.81,1988.51,1993.42
08/29/2023,29607,completed,passed,2002.81,1988.51,1993.42,2001.72,1985.1,1990.59
08/30/2023,32272,completed,passed,2001.72,1985.1,1990.59,1991.11,1958.83,1960.78
09/03/2023,36997,completed,passed,1991.11,1958.83,1960.78,1977.96,1946.62,1967.83
09/04/2023,32507,completed,passed,1977.96,1946.62,1967.83,1974.11,1954.19,1961.37
09/05/2023,25200,completed,passed,1974.11,1954.19,1961.37,1960.78,1929.66,1932.45
09/07/2023,32113,completed,passed,1960.78,1929.66,1932.45,1946.75,1933.06,1942.68
09/10/2023,33016,completed,passed,1946.75,1933.06,1942.68,1986.99,1941.86,1986.99
09/11/2023,37766,completed,passed,1986.99,1941.86,1986.99,1998.54,1962.71,1967.57
09/12/2023,26274,completed,passed,1998.54,1962.71,1967.57,2007.48,1967.25,2007.06
09/13/2023,36025,completed,passed,2007.48,1967.25,2007.06,2010.86,1961.05,1964.91
09/17/2023,72452,completed,passed,2010.86,1961.05,1964.91,1974.98,1952.88,1969.18
09/18/2023,42018,completed,passed,1974.98,1952.88,1969.18,1986.72,1960.62,1985.43
09/19/2023,50273,completed,passed,1986.72,1960.62,1985.43,2040.28,1988.67,2029.78
09/21/2023,119274,completed,passed,2040.28,1988.67,2029.78,2037.02,2003.83,2010.35
09/24/2023,80973,completed,passed,2037.02,2003.83,2010.35,2015.56,1999.62,2004.45
09/25/2023,78387,completed,passed,2015.56,1999.62,2004.45,2030.51,2005.42,2022.91
09/26/2023,78547,completed,passed,2030.51,2005.42,2022.91,2027.19,1993.46,2004.3
09/27/2023,58326,completed,passed,2027.19,1993.46,2004.3,2005.32,1964.44,1971.1
10/01/2023,82768,completed,passed,2005.32,1964.44,1971.1,1982.51,1954.35,1976.29
10/02/2023,85530,completed,passed,1982.51,1954.35,1976.29,1978.27,1954.13,1958.72
10/03/2023,55059,completed,passed,1978.27,1954.13,1958.72,1976.19,1957.23,1967.97
10/04/2023,58704,completed,passed,1976.19,1957.23,1967.97,1970.15,1954.02,1956.92
10/05/2023,50037,completed,passed,1970.15,1954.02,1956.92,1964.02,1917.69,1921.24
10/08/2023,59141,completed,passed,1964.02,1917.69,1921.24,1926.72,1902.87,1908.66
10/09/2023,48413,completed,passed,1926.72,1902.87,1908.66,1913.58,1885.37,1889.59
10/10/2023,44035,completed,passed,1913.58,1885.37,1889.59,1905.05,1884.4,1894.76
10/11/2023,55173,completed,passed,1905.05,1884.4,1894.76,1897.6,1870.19,1874.6
10/12/2023,62020,completed,passed,1897.6,1870.19,1874.6,1876.62,1846.79,1851.43
10/16/2023,69803,completed,passed,1876.62,1846.79,1851.43,1884.67,1851.03,1864.62
10/17/2023,45419,completed,passed,1884.67,1851.03,1864.62,1908.4,1864.25,1907.89
10/18/2023,31780,completed,passed,1908.4,1864.25,1907.89,1915.98,1893.94,1903.84
10/19/2023,25512,completed,passed,1915.98,1893.94,1903.84,1903.91,1867.09,1875.65
10/29/2023,34069,completed,passed,1903.91,1867.09,1875.65,1878.83,1856.9,1878.7
10/30/2023,30200,completed,passed,1878.83,1856.9,1878.7,1878.98,1860.47,1864.4
10/31/2023,25608,completed,passed,1878.98,1860.47,1864.4,1872.19,1853.49,1858.56
11/01/2023,77850,completed,passed,1872.19,1853.49,1858.56,1859.48,1842.73,1847.7
11/02/2023,45734,completed,passed,1859.48,1842.73,1847.7,1846.77,1817.76,1826.23
11/05/2023,39291,completed,passed,1846.77,1817.76,1826.23,1850.58,1824.56,1847.54
11/06/2023,47211,completed,passed,1850.58,1824.56,1847.54,1864.85,1847.1,1858.76
11/07/2023,40582,completed,passed,1864.85,1847.1,1858.76,1869.01,1851.19,1863.94
11/08/2023,30354,completed,passed,1869.01,1851.19,1863.94,1866.93,1847.85,1852.08
11/09/2023,27834,completed,passed,1866.93,1847.85,1852.08,1873.34,1846.52,1853.48
11/20/2023,44708,completed,passed,1873.34,1846.52,1853.48,1853.87,1821.38,1829.65
11/21/2023,37565,completed,passed,1853.87,1821.38,1829.65,1850.54,1816.4,1850.33
11/22/2023,43560,completed,passed,1850.54,1816.4,1850.33,1864.59,1826.49,1860.2
11/23/2023,48466,completed,passed,1864.59,1826.49,1860.2,1908.19,1852.67,1907.95
11/26/2023,66484,completed,passed,1908.19,1852.67,1907.95,1926.52,1889.71,1896.67
11/27/2023,52458,completed,passed,1926.52,1889.71,1896.67,1902.63,1885.23,1894.53
11/28/2023,47300,completed,passed,1902.63,1885.23,1894.53,1907.07,1871.93,1876.6
11/29/2023,34728,completed,passed,1907.07,1871.93,1876.6,1876.4,1851.32,1858.53
11/30/2023,36993,completed,passed,1876.4,1851.32,1858.53,1861.67,1837.85,1851.23
12/03/2023,36951,completed,passed,1861.67,1837.85,1851.23,1859.32,1843.37,1847.81
12/04/2023,43400,completed,passed,1859.32,1843.37,1847.81,1857.35,1833.02,1837.71
12/05/2023,38553,completed,passed,1857.35,1833.02,1837.71,1841.8,1830.31,1841.04
12/06/2023,34938,completed,passed,1841.8,1830.31,1841.04,1861.22,1834.64,1852.77
12/07/2023,53117,completed,passed,1861.22,1834.64,1852.77,1963.98,1866.12,1963.98
12/10/2023,7012,completed,passed,1963.98,1866.12,1963.98,1989.71,1928.76,1948.57
12/11/2023,109877,completed,passed,1989.71,1928.76,1948.57,1990.39,1940.15,1985.44
12/12/2023,95387,completed,passed,1990.39,1940.15,1985.44,2017.22,1976.04,1988.04
12/13/2023,81403,completed,passed,2017.22,1976.04,1988.04,1997.12,1973.42,1994.6
12/14/2023,66913,completed,passed,1997.12,1973.42,1994.6,2022.82,1951.02,2022.35
12/17/2023,101091,completed,passed,2022.82,1951.02,2022.35,2070.59,2025.68,2060.49
12/18/2023,113624,completed,passed,2070.59,2025.68,2060.49,2107.32,2053.27,2106.48
12/19/2023,99573,completed,passed,2107.32,2053.27,2106.48,2150.98,2110.76,2141.87
12/20/2023,111639,completed,passed,2150.98,2110.76,2141.87,2154.51,2102.79,2109.1
12/21/2023,111930,completed,passed,2154.51,2102.79,2109.1,2132.63,2082.93,2088.07
12/24/2023,128285,completed,passed,2132.63,2082.93,2088.07,2109.35,2055.35,2070.84
12/27/2023,117413,completed,passed,2109.35,2055.35,2070.84,2085.36,2059.49,2068.9
12/28/2023,101458,completed,passed,2085.36,2059.49,2068.9,2061.92,2024.14,2030.1
01/02/2024,85373,completed,passed,2061.92,2024.14,2030.1,2058.31,2023.76,2058
01/03/2024,96218,completed,passed,2058.31,2023.76,2058,2072.08,2046.05,2049.28
01/04/2024,108356,completed,passed,2072.08,2046.05,2049.28,2056.49,2019.77,2022.92
01/07/2024,98581,completed,passed,2056.49,2019.77,2022.92,2059.66,2025.62,2059.49
01/08/2024,99462,completed,passed,2059.66,2025.62,2059.49,2098.04,2063.42,2080.12
01/09/2024,104542,completed,passed,2098.04,2063.42,2080.12,2116.44,2084.44,2089.62
01/10/2024,92563,completed,passed,2116.44,2084.44,2089.62,2106.43,2082.49,2088.99
01/11/2024,79338,completed,passed,2106.43,2082.49,2088.99,2121.67,2093.44,2120.62
01/14/2024,94473,completed,passed,2121.67,2093.44,2120.62,2178.37,2125.11,2175.17
01/16/2024,132996,completed,passed,2178.37,2125.11,2175.17,2215.54,2154.02,2163.06
01/17/2024,210399,completed,passed,2215.54,2154.02,2163.06,2167.43,2133.12,2155.82
01/18/2024,303941,completed,passed,2167.43,2133.12,2155.82,2165.67,2123.86,2130.18
01/21/2024,166906,completed,passed,2165.67,2123.86,2130.18,2134.81,2090.64,2098.69
01/22/2024,150465,completed,passed,2134.81,2090.64,2098.69,2112.15,2087.22,2098.29
01/23/2024,117498,completed,passed,2112.15,2087.22,2098.29,2120.46,2083.45,2088.04
01/24/2024,90133,completed,passed,2120.46,2083.45,2088.04,2096.75,2072.78,2084.09
01/25/2024,91320,completed,passed,2096.75,2072.78,2084.09,2098.14,2075.37,2094.46
01/28/2024,100729,completed,passed,2098.14,2075.37,2094.46,2114.79,2097.23,2104.72
01/29/2024,103101,completed,passed,2114.79,2097.23,2104.72,2128.11,2105.46,2119.61
01/30/2024,116996,completed,passed,2128.11,2105.46,2119.61,2131.28,2088.48,2097.93
01/31/2024,95595,completed,passed,2131.28,2088.48,2097.93,2103.22,2063.68,2067.01
02/01/2024,79971,completed,passed,2103.22,2063.68,2067.01,2072.9,2053.46,2061.7
02/04/2024,70740,completed,passed,2072.9,2053.46,2061.7,,,
02/05/2024,56734,completed,passed,,,
